16,-11,OIX/jPgNMD6H7loZcxN6tcHukh8=,nhIWX77kdcV2cuVgHNRg9Lo1cUM=
16,-13,OIX/jPgNMD6H7loZcxN6tcHukh8=,nhIWX77kdcV2cuVgHNRg9Lo1cUM=
17,-11,OIX/jPgNMD6H7loZcxN6tcHukh8=,nhIWX77kdcV2cuVgHNRg9Lo1cUM=
16,-12,OIX/jPgNMD6H7loZcxN6tcHukh8=,nhIWX77kdcV2cuVgHNRg9Lo1cUM=
16,-10,OIX/jPgNMD6H7loZcxN6tcHukh8=,nhIWX77kdcV2cuVgHNRg9Lo1cUM=
17,-12,OIX/jPgNMD6H7loZcxN6tcHukh8=,nhIWX77kdcV2cuVgHNRg9Lo1cUM=
17,-10,OIX/jPgNMD6H7loZcxN6tcHukh8=,nhIWX77kdcV2cuVgHNRg9Lo1cUM=
17,-13,OIX/jPgNMD6H7loZcxN6tcHukh8=,nhIWX77kdcV2cuVgHNRg9Lo1cUM=
16,-8,OIX/jPgNMD6H7loZcxN6tcHukh8=,i/V075jAqISt8iqoBOiD6LCMu9c=
17,-8,OIX/jPgNMD6H7loZcxN6tcHukh8=,i/V075jAqISt8iqoBOiD6LCMu9c=
17,-4,OIX/jPgNMD6H7loZcxN6tcHukh8=,i/V075jAqISt8iqoBOiD6LCMu9c=
16,-7,OIX/jPgNMD6H7loZcxN6tcHukh8=,i/V075jAqISt8iqoBOiD6LCMu9c=
17,-1,OIX/jPgNMD6H7loZcxN6tcHukh8=,i/V075jAqISt8iqoBOiD6LCMu9c=
16,-4,OIX/jPgNMD6H7loZcxN6tcHukh8=,i/V075jAqISt8iqoBOiD6LCMu9c=
17,-7,OIX/jPgNMD6H7loZcxN6tcHukh8=,i/V075jAqISt8iqoBOiD6LCMu9c=
16,-6,OIX/jPgNMD6H7loZcxN6tcHukh8=,i/V075jAqISt8iqoBOiD6LCMu9c=
17,-6,OIX/jPgNMD6H7loZcxN6tcHukh8=,i/V075jAqISt8iqoBOiD6LCMu9c=
17,-2,OIX/jPgNMD6H7loZcxN6tcHukh8=,i/V075jAqISt8iqoBOiD6LCMu9c=
16,-5,OIX/jPgNMD6H7loZcxN6tcHukh8=,i/V075jAqISt8iqoBOiD6LCMu9c=
16,-1,OIX/jPgNMD6H7loZcxN6tcHukh8=,i/V075jAqISt8iqoBOiD6LCMu9c=
16,-9,OIX/jPgNMD6H7loZcxN6tcHukh8=,nhIWX77kdcV2cuVgHNRg9Lo1cUM=
17,-3,OIX/jPgNMD6H7loZcxN6tcHukh8=,i/V075jAqISt8iqoBOiD6LCMu9c=
17,-9,OIX/jPgNMD6H7loZcxN6tcHukh8=,nhIWX77kdcV2cuVgHNRg9Lo1cUM=
17,-5,OIX/jPgNMD6H7loZcxN6tcHukh8=,i/V075jAqISt8iqoBOiD6LCMu9c=
16,-2,OIX/jPgNMD6H7loZcxN6tcHukh8=,i/V075jAqISt8iqoBOiD6LCMu9c=
16,-3,OIX/jPgNMD6H7loZcxN6tcHukh8=,i/V075jAqISt8iqoBOiD6LCMu9c=
14,-10,3Bc2HOag6r4xcTKTOBcklUjYEzU=,w0F4dn38TPQSXcGK0FOE8Msvwj4=
12,-10,Soup7tMp5GNxDfSu++KPCnrRMoc=,w0F4dn38TPQSXcGK0FOE8Msvwj4=
9,-13,Soup7tMp5GNxDfSu++KPCnrRMoc=,w0F4dn38TPQSXcGK0FOE8Msvwj4=
13,-10,Soup7tMp5GNxDfSu++KPCnrRMoc=,w0F4dn38TPQSXcGK0FOE8Msvwj4=
10,-13,Soup7tMp5GNxDfSu++KPCnrRMoc=,w0F4dn38TPQSXcGK0FOE8Msvwj4=
11,-10,Soup7tMp5GNxDfSu++KPCnrRMoc=,w0F4dn38TPQSXcGK0FOE8Msvwj4=
11,-13,Soup7tMp5GNxDfSu++KPCnrRMoc=,w0F4dn38TPQSXcGK0FOE8Msvwj4=
12,-13,Soup7tMp5GNxDfSu++KPCnrRMoc=,w0F4dn38TPQSXcGK0FOE8Msvwj4=
10,-10,Soup7tMp5GNxDfSu++KPCnrRMoc=,w0F4dn38TPQSXcGK0FOE8Msvwj4=
13,-13,Soup7tMp5GNxDfSu++KPCnrRMoc=,w0F4dn38TPQSXcGK0FOE8Msvwj4=
14,-13,Soup7tMp5GNxDfSu++KPCnrRMoc=,w0F4dn38TPQSXcGK0FOE8Msvwj4=
14,-11,Soup7tMp5GNxDfSu++KPCnrRMoc=,w0F4dn38TPQSXcGK0FOE8Msvwj4=
13,-11,Soup7tMp5GNxDfSu++KPCnrRMoc=,w0F4dn38TPQSXcGK0FOE8Msvwj4=
9,-10,Soup7tMp5GNxDfSu++KPCnrRMoc=,w0F4dn38TPQSXcGK0FOE8Msvwj4=
9,-12,Soup7tMp5GNxDfSu++KPCnrRMoc=,w0F4dn38TPQSXcGK0FOE8Msvwj4=
10,-12,Soup7tMp5GNxDfSu++KPCnrRMoc=,w0F4dn38TPQSXcGK0FOE8Msvwj4=
11,-12,Soup7tMp5GNxDfSu++KPCnrRMoc=,w0F4dn38TPQSXcGK0FOE8Msvwj4=
12,-11,Soup7tMp5GNxDfSu++KPCnrRMoc=,w0F4dn38TPQSXcGK0FOE8Msvwj4=
12,-12,Soup7tMp5GNxDfSu++KPCnrRMoc=,w0F4dn38TPQSXcGK0FOE8Msvwj4=
11,-11,Soup7tMp5GNxDfSu++KPCnrRMoc=,w0F4dn38TPQSXcGK0FOE8Msvwj4=
10,-11,Soup7tMp5GNxDfSu++KPCnrRMoc=,w0F4dn38TPQSXcGK0FOE8Msvwj4=
9,-11,Soup7tMp5GNxDfSu++KPCnrRMoc=,w0F4dn38TPQSXcGK0FOE8Msvwj4=
14,-12,Soup7tMp5GNxDfSu++KPCnrRMoc=,w0F4dn38TPQSXcGK0FOE8Msvwj4=
13,-12,Soup7tMp5GNxDfSu++KPCnrRMoc=,w0F4dn38TPQSXcGK0FOE8Msvwj4=
4,-11,Soup7tMp5GNxDfSu++KPCnrRMoc=,IufiWjNv0IJBldsysHHSKxbm/bo=
3,-11,Soup7tMp5GNxDfSu++KPCnrRMoc=,IufiWjNv0IJBldsysHHSKxbm/bo=
5,-11,Soup7tMp5GNxDfSu++KPCnrRMoc=,IufiWjNv0IJBldsysHHSKxbm/bo=
7,-12,Soup7tMp5GNxDfSu++KPCnrRMoc=,IufiWjNv0IJBldsysHHSKxbm/bo=
1,-11,Soup7tMp5GNxDfSu++KPCnrRMoc=,IufiWjNv0IJBldsysHHSKxbm/bo=
6,-11,Soup7tMp5GNxDfSu++KPCnrRMoc=,IufiWjNv0IJBldsysHHSKxbm/bo=
6,-12,Soup7tMp5GNxDfSu++KPCnrRMoc=,IufiWjNv0IJBldsysHHSKxbm/bo=
7,-11,Soup7tMp5GNxDfSu++KPCnrRMoc=,IufiWjNv0IJBldsysHHSKxbm/bo=
5,-12,Soup7tMp5GNxDfSu++KPCnrRMoc=,IufiWjNv0IJBldsysHHSKxbm/bo=
4,-12,Soup7tMp5GNxDfSu++KPCnrRMoc=,IufiWjNv0IJBldsysHHSKxbm/bo=
2,-11,Soup7tMp5GNxDfSu++KPCnrRMoc=,IufiWjNv0IJBldsysHHSKxbm/bo=
1,-10,Soup7tMp5GNxDfSu++KPCnrRMoc=,IufiWjNv0IJBldsysHHSKxbm/bo=
2,-10,Soup7tMp5GNxDfSu++KPCnrRMoc=,IufiWjNv0IJBldsysHHSKxbm/bo=
3,-10,Soup7tMp5GNxDfSu++KPCnrRMoc=,IufiWjNv0IJBldsysHHSKxbm/bo=
3,-12,Soup7tMp5GNxDfSu++KPCnrRMoc=,IufiWjNv0IJBldsysHHSKxbm/bo=
6,-13,Soup7tMp5GNxDfSu++KPCnrRMoc=,IufiWjNv0IJBldsysHHSKxbm/bo=
5,-13,Soup7tMp5GNxDfSu++KPCnrRMoc=,IufiWjNv0IJBldsysHHSKxbm/bo=
4,-10,Soup7tMp5GNxDfSu++KPCnrRMoc=,IufiWjNv0IJBldsysHHSKxbm/bo=
2,-12,Soup7tMp5GNxDfSu++KPCnrRMoc=,IufiWjNv0IJBldsysHHSKxbm/bo=
7,-13,Soup7tMp5GNxDfSu++KPCnrRMoc=,IufiWjNv0IJBldsysHHSKxbm/bo=
1,-12,Soup7tMp5GNxDfSu++KPCnrRMoc=,IufiWjNv0IJBldsysHHSKxbm/bo=
3,-13,Soup7tMp5GNxDfSu++KPCnrRMoc=,IufiWjNv0IJBldsysHHSKxbm/bo=
4,-13,Soup7tMp5GNxDfSu++KPCnrRMoc=,IufiWjNv0IJBldsysHHSKxbm/bo=
1,-13,Soup7tMp5GNxDfSu++KPCnrRMoc=,IufiWjNv0IJBldsysHHSKxbm/bo=
2,-13,Soup7tMp5GNxDfSu++KPCnrRMoc=,IufiWjNv0IJBldsysHHSKxbm/bo=
5,-10,Soup7tMp5GNxDfSu++KPCnrRMoc=,IufiWjNv0IJBldsysHHSKxbm/bo=
8,-10,0j3B4Ska3Uc8Hmn6KK5odooCv+U=,w0F4dn38TPQSXcGK0FOE8Msvwj4=
8,-11,0j3B4Ska3Uc8Hmn6KK5odooCv+U=,w0F4dn38TPQSXcGK0FOE8Msvwj4=
8,-12,0j3B4Ska3Uc8Hmn6KK5odooCv+U=,w0F4dn38TPQSXcGK0FOE8Msvwj4=
8,-13,0j3B4Ska3Uc8Hmn6KK5odooCv+U=,w0F4dn38TPQSXcGK0FOE8Msvwj4=
7,-10,0j3B4Ska3Uc8Hmn6KK5odooCv+U=,IufiWjNv0IJBldsysHHSKxbm/bo=
6,-10,0j3B4Ska3Uc8Hmn6KK5odooCv+U=,IufiWjNv0IJBldsysHHSKxbm/bo=
15,-13,0j3B4Ska3Uc8Hmn6KK5odooCv+U=,w0F4dn38TPQSXcGK0FOE8Msvwj4=
15,-12,0j3B4Ska3Uc8Hmn6KK5odooCv+U=,w0F4dn38TPQSXcGK0FOE8Msvwj4=
15,-11,0j3B4Ska3Uc8Hmn6KK5odooCv+U=,w0F4dn38TPQSXcGK0FOE8Msvwj4=
0,-10,0j3B4Ska3Uc8Hmn6KK5odooCv+U=,IufiWjNv0IJBldsysHHSKxbm/bo=
15,-10,0j3B4Ska3Uc8Hmn6KK5odooCv+U=,w0F4dn38TPQSXcGK0FOE8Msvwj4=
0,-13,0j3B4Ska3Uc8Hmn6KK5odooCv+U=,IufiWjNv0IJBldsysHHSKxbm/bo=
0,-12,0j3B4Ska3Uc8Hmn6KK5odooCv+U=,IufiWjNv0IJBldsysHHSKxbm/bo=
0,-11,0j3B4Ska3Uc8Hmn6KK5odooCv+U=,IufiWjNv0IJBldsysHHSKxbm/bo=
11,-1,hVPRpcKG4jNQBsr8Wj2rrseqr/s=,1+iASmeX7uLVFl0T1CrcmOnFqrY=
12,-7,hVPRpcKG4jNQBsr8Wj2rrseqr/s=,1+iASmeX7uLVFl0T1CrcmOnFqrY=
13,-2,hVPRpcKG4jNQBsr8Wj2rrseqr/s=,1+iASmeX7uLVFl0T1CrcmOnFqrY=
10,-1,hVPRpcKG4jNQBsr8Wj2rrseqr/s=,1+iASmeX7uLVFl0T1CrcmOnFqrY=
9,-1,hVPRpcKG4jNQBsr8Wj2rrseqr/s=,1+iASmeX7uLVFl0T1CrcmOnFqrY=
12,-8,hVPRpcKG4jNQBsr8Wj2rrseqr/s=,1+iASmeX7uLVFl0T1CrcmOnFqrY=
13,-3,hVPRpcKG4jNQBsr8Wj2rrseqr/s=,1+iASmeX7uLVFl0T1CrcmOnFqrY=
13,-7,hVPRpcKG4jNQBsr8Wj2rrseqr/s=,1+iASmeX7uLVFl0T1CrcmOnFqrY=
14,-7,hVPRpcKG4jNQBsr8Wj2rrseqr/s=,1+iASmeX7uLVFl0T1CrcmOnFqrY=
11,-6,hVPRpcKG4jNQBsr8Wj2rrseqr/s=,1+iASmeX7uLVFl0T1CrcmOnFqrY=
11,-3,99JjXZeaIuWnaqL15ATQRlBp0kY=,1+iASmeX7uLVFl0T1CrcmOnFqrY=
12,-3,99JjXZeaIuWnaqL15ATQRlBp0kY=,1+iASmeX7uLVFl0T1CrcmOnFqrY=
12,-1,99JjXZeaIuWnaqL15ATQRlBp0kY=,1+iASmeX7uLVFl0T1CrcmOnFqrY=
11,-7,99JjXZeaIuWnaqL15ATQRlBp0kY=,1+iASmeX7uLVFl0T1CrcmOnFqrY=
13,-1,99JjXZeaIuWnaqL15ATQRlBp0kY=,1+iASmeX7uLVFl0T1CrcmOnFqrY=
10,-7,99JjXZeaIuWnaqL15ATQRlBp0kY=,1+iASmeX7uLVFl0T1CrcmOnFqrY=
14,-1,99JjXZeaIuWnaqL15ATQRlBp0kY=,1+iASmeX7uLVFl0T1CrcmOnFqrY=
15,-2,99JjXZeaIuWnaqL15ATQRlBp0kY=,1+iASmeX7uLVFl0T1CrcmOnFqrY=
10,-8,99JjXZeaIuWnaqL15ATQRlBp0kY=,1+iASmeX7uLVFl0T1CrcmOnFqrY=
11,-8,99JjXZeaIuWnaqL15ATQRlBp0kY=,1+iASmeX7uLVFl0T1CrcmOnFqrY=
15,-1,99JjXZeaIuWnaqL15ATQRlBp0kY=,1+iASmeX7uLVFl0T1CrcmOnFqrY=
9,-7,99JjXZeaIuWnaqL15ATQRlBp0kY=,1+iASmeX7uLVFl0T1CrcmOnFqrY=
12,-2,99JjXZeaIuWnaqL15ATQRlBp0kY=,1+iASmeX7uLVFl0T1CrcmOnFqrY=
11,-2,99JjXZeaIuWnaqL15ATQRlBp0kY=,1+iASmeX7uLVFl0T1CrcmOnFqrY=
14,-2,99JjXZeaIuWnaqL15ATQRlBp0kY=,1+iASmeX7uLVFl0T1CrcmOnFqrY=
3,-5,99JjXZeaIuWnaqL15ATQRlBp0kY=,10A1zhBHIajx1jzEcYvKs/rpU3g=
2,-5,99JjXZeaIuWnaqL15ATQRlBp0kY=,10A1zhBHIajx1jzEcYvKs/rpU3g=
13,-8,99JjXZeaIuWnaqL15ATQRlBp0kY=,1+iASmeX7uLVFl0T1CrcmOnFqrY=
4,-5,99JjXZeaIuWnaqL15ATQRlBp0kY=,10A1zhBHIajx1jzEcYvKs/rpU3g=
10,-2,99JjXZeaIuWnaqL15ATQRlBp0kY=,1+iASmeX7uLVFl0T1CrcmOnFqrY=
15,-7,99JjXZeaIuWnaqL15ATQRlBp0kY=,1+iASmeX7uLVFl0T1CrcmOnFqrY=
10,-6,99JjXZeaIuWnaqL15ATQRlBp0kY=,1+iASmeX7uLVFl0T1CrcmOnFqrY=
9,-4,99JjXZeaIuWnaqL15ATQRlBp0kY=,1+iASmeX7uLVFl0T1CrcmOnFqrY=
10,-4,99JjXZeaIuWnaqL15ATQRlBp0kY=,1+iASmeX7uLVFl0T1CrcmOnFqrY=
1,-5,99JjXZeaIuWnaqL15ATQRlBp0kY=,10A1zhBHIajx1jzEcYvKs/rpU3g=
11,-4,99JjXZeaIuWnaqL15ATQRlBp0kY=,1+iASmeX7uLVFl0T1CrcmOnFqrY=
14,-3,99JjXZeaIuWnaqL15ATQRlBp0kY=,1+iASmeX7uLVFl0T1CrcmOnFqrY=
9,-3,99JjXZeaIuWnaqL15ATQRlBp0kY=,1+iASmeX7uLVFl0T1CrcmOnFqrY=
12,-6,99JjXZeaIuWnaqL15ATQRlBp0kY=,1+iASmeX7uLVFl0T1CrcmOnFqrY=
15,-6,99JjXZeaIuWnaqL15ATQRlBp0kY=,1+iASmeX7uLVFl0T1CrcmOnFqrY=
15,-3,99JjXZeaIuWnaqL15ATQRlBp0kY=,1+iASmeX7uLVFl0T1CrcmOnFqrY=
14,-6,99JjXZeaIuWnaqL15ATQRlBp0kY=,1+iASmeX7uLVFl0T1CrcmOnFqrY=
13,-6,99JjXZeaIuWnaqL15ATQRlBp0kY=,1+iASmeX7uLVFl0T1CrcmOnFqrY=
12,-4,99JjXZeaIuWnaqL15ATQRlBp0kY=,1+iASmeX7uLVFl0T1CrcmOnFqrY=
13,-4,99JjXZeaIuWnaqL15ATQRlBp0kY=,1+iASmeX7uLVFl0T1CrcmOnFqrY=
9,-9,99JjXZeaIuWnaqL15ATQRlBp0kY=,w0F4dn38TPQSXcGK0FOE8Msvwj4=
10,-3,99JjXZeaIuWnaqL15ATQRlBp0kY=,1+iASmeX7uLVFl0T1CrcmOnFqrY=
14,-8,99JjXZeaIuWnaqL15ATQRlBp0kY=,1+iASmeX7uLVFl0T1CrcmOnFqrY=
14,-4,99JjXZeaIuWnaqL15ATQRlBp0kY=,1+iASmeX7uLVFl0T1CrcmOnFqrY=
12,-9,99JjXZeaIuWnaqL15ATQRlBp0kY=,w0F4dn38TPQSXcGK0FOE8Msvwj4=
14,-9,99JjXZeaIuWnaqL15ATQRlBp0kY=,w0F4dn38TPQSXcGK0FOE8Msvwj4=
15,-9,99JjXZeaIuWnaqL15ATQRlBp0kY=,w0F4dn38TPQSXcGK0FOE8Msvwj4=
11,-9,99JjXZeaIuWnaqL15ATQRlBp0kY=,w0F4dn38TPQSXcGK0FOE8Msvwj4=
10,-9,99JjXZeaIuWnaqL15ATQRlBp0kY=,w0F4dn38TPQSXcGK0FOE8Msvwj4=
15,-8,99JjXZeaIuWnaqL15ATQRlBp0kY=,1+iASmeX7uLVFl0T1CrcmOnFqrY=
13,-9,99JjXZeaIuWnaqL15ATQRlBp0kY=,w0F4dn38TPQSXcGK0FOE8Msvwj4=
15,-4,99JjXZeaIuWnaqL15ATQRlBp0kY=,1+iASmeX7uLVFl0T1CrcmOnFqrY=
10,-5,99JjXZeaIuWnaqL15ATQRlBp0kY=,1+iASmeX7uLVFl0T1CrcmOnFqrY=
9,-8,99JjXZeaIuWnaqL15ATQRlBp0kY=,1+iASmeX7uLVFl0T1CrcmOnFqrY=
9,-5,99JjXZeaIuWnaqL15ATQRlBp0kY=,1+iASmeX7uLVFl0T1CrcmOnFqrY=
15,-5,99JjXZeaIuWnaqL15ATQRlBp0kY=,1+iASmeX7uLVFl0T1CrcmOnFqrY=
9,-6,99JjXZeaIuWnaqL15ATQRlBp0kY=,1+iASmeX7uLVFl0T1CrcmOnFqrY=
12,-5,99JjXZeaIuWnaqL15ATQRlBp0kY=,1+iASmeX7uLVFl0T1CrcmOnFqrY=
14,-5,99JjXZeaIuWnaqL15ATQRlBp0kY=,1+iASmeX7uLVFl0T1CrcmOnFqrY=
11,-5,99JjXZeaIuWnaqL15ATQRlBp0kY=,1+iASmeX7uLVFl0T1CrcmOnFqrY=
1,-9,99JjXZeaIuWnaqL15ATQRlBp0kY=,IufiWjNv0IJBldsysHHSKxbm/bo=
9,-2,99JjXZeaIuWnaqL15ATQRlBp0kY=,1+iASmeX7uLVFl0T1CrcmOnFqrY=
13,-5,99JjXZeaIuWnaqL15ATQRlBp0kY=,1+iASmeX7uLVFl0T1CrcmOnFqrY=
4,-9,nf0D48AQVB8XqSqcpOrGZo8ip9k=,IufiWjNv0IJBldsysHHSKxbm/bo=
2,-9,nf0D48AQVB8XqSqcpOrGZo8ip9k=,IufiWjNv0IJBldsysHHSKxbm/bo=
5,-9,nf0D48AQVB8XqSqcpOrGZo8ip9k=,IufiWjNv0IJBldsysHHSKxbm/bo=
3,-9,nf0D48AQVB8XqSqcpOrGZo8ip9k=,IufiWjNv0IJBldsysHHSKxbm/bo=
6,-5,nf0D48AQVB8XqSqcpOrGZo8ip9k=,10A1zhBHIajx1jzEcYvKs/rpU3g=
6,-9,nf0D48AQVB8XqSqcpOrGZo8ip9k=,IufiWjNv0IJBldsysHHSKxbm/bo=
0,-8,nf0D48AQVB8XqSqcpOrGZo8ip9k=,10A1zhBHIajx1jzEcYvKs/rpU3g=
7,-9,nf0D48AQVB8XqSqcpOrGZo8ip9k=,IufiWjNv0IJBldsysHHSKxbm/bo=
8,-3,nf0D48AQVB8XqSqcpOrGZo8ip9k=,1+iASmeX7uLVFl0T1CrcmOnFqrY=
0,-4,nf0D48AQVB8XqSqcpOrGZo8ip9k=,10A1zhBHIajx1jzEcYvKs/rpU3g=
1,-8,nf0D48AQVB8XqSqcpOrGZo8ip9k=,10A1zhBHIajx1jzEcYvKs/rpU3g=
1,-4,nf0D48AQVB8XqSqcpOrGZo8ip9k=,10A1zhBHIajx1jzEcYvKs/rpU3g=
7,-5,nf0D48AQVB8XqSqcpOrGZo8ip9k=,10A1zhBHIajx1jzEcYvKs/rpU3g=
8,-6,nf0D48AQVB8XqSqcpOrGZo8ip9k=,1+iASmeX7uLVFl0T1CrcmOnFqrY=
2,-4,nf0D48AQVB8XqSqcpOrGZo8ip9k=,10A1zhBHIajx1jzEcYvKs/rpU3g=
4,-4,nf0D48AQVB8XqSqcpOrGZo8ip9k=,10A1zhBHIajx1jzEcYvKs/rpU3g=
3,-4,nf0D48AQVB8XqSqcpOrGZo8ip9k=,10A1zhBHIajx1jzEcYvKs/rpU3g=
2,-8,nf0D48AQVB8XqSqcpOrGZo8ip9k=,10A1zhBHIajx1jzEcYvKs/rpU3g=
8,-8,nf0D48AQVB8XqSqcpOrGZo8ip9k=,1+iASmeX7uLVFl0T1CrcmOnFqrY=
3,-8,nf0D48AQVB8XqSqcpOrGZo8ip9k=,10A1zhBHIajx1jzEcYvKs/rpU3g=
8,-9,nf0D48AQVB8XqSqcpOrGZo8ip9k=,w0F4dn38TPQSXcGK0FOE8Msvwj4=
5,-4,nf0D48AQVB8XqSqcpOrGZo8ip9k=,10A1zhBHIajx1jzEcYvKs/rpU3g=
0,-3,nf0D48AQVB8XqSqcpOrGZo8ip9k=,10A1zhBHIajx1jzEcYvKs/rpU3g=
1,-3,nf0D48AQVB8XqSqcpOrGZo8ip9k=,10A1zhBHIajx1jzEcYvKs/rpU3g=
8,-5,nf0D48AQVB8XqSqcpOrGZo8ip9k=,1+iASmeX7uLVFl0T1CrcmOnFqrY=
7,-4,nf0D48AQVB8XqSqcpOrGZo8ip9k=,10A1zhBHIajx1jzEcYvKs/rpU3g=
4,-8,nf0D48AQVB8XqSqcpOrGZo8ip9k=,10A1zhBHIajx1jzEcYvKs/rpU3g=
6,-4,nf0D48AQVB8XqSqcpOrGZo8ip9k=,10A1zhBHIajx1jzEcYvKs/rpU3g=
5,-8,nf0D48AQVB8XqSqcpOrGZo8ip9k=,10A1zhBHIajx1jzEcYvKs/rpU3g=
3,-3,nf0D48AQVB8XqSqcpOrGZo8ip9k=,10A1zhBHIajx1jzEcYvKs/rpU3g=
8,-7,nf0D48AQVB8XqSqcpOrGZo8ip9k=,1+iASmeX7uLVFl0T1CrcmOnFqrY=
4,-3,nf0D48AQVB8XqSqcpOrGZo8ip9k=,10A1zhBHIajx1jzEcYvKs/rpU3g=
6,-3,nf0D48AQVB8XqSqcpOrGZo8ip9k=,10A1zhBHIajx1jzEcYvKs/rpU3g=
8,-2,nf0D48AQVB8XqSqcpOrGZo8ip9k=,1+iASmeX7uLVFl0T1CrcmOnFqrY=
7,-3,nf0D48AQVB8XqSqcpOrGZo8ip9k=,10A1zhBHIajx1jzEcYvKs/rpU3g=
0,-2,nf0D48AQVB8XqSqcpOrGZo8ip9k=,10A1zhBHIajx1jzEcYvKs/rpU3g=
1,-2,nf0D48AQVB8XqSqcpOrGZo8ip9k=,10A1zhBHIajx1jzEcYvKs/rpU3g=
6,-8,nf0D48AQVB8XqSqcpOrGZo8ip9k=,10A1zhBHIajx1jzEcYvKs/rpU3g=
3,-2,nf0D48AQVB8XqSqcpOrGZo8ip9k=,10A1zhBHIajx1jzEcYvKs/rpU3g=
8,-4,nf0D48AQVB8XqSqcpOrGZo8ip9k=,1+iASmeX7uLVFl0T1CrcmOnFqrY=
2,-2,nf0D48AQVB8XqSqcpOrGZo8ip9k=,10A1zhBHIajx1jzEcYvKs/rpU3g=
6,-2,nf0D48AQVB8XqSqcpOrGZo8ip9k=,10A1zhBHIajx1jzEcYvKs/rpU3g=
7,-8,nf0D48AQVB8XqSqcpOrGZo8ip9k=,10A1zhBHIajx1jzEcYvKs/rpU3g=
7,-2,nf0D48AQVB8XqSqcpOrGZo8ip9k=,10A1zhBHIajx1jzEcYvKs/rpU3g=
4,-2,nf0D48AQVB8XqSqcpOrGZo8ip9k=,10A1zhBHIajx1jzEcYvKs/rpU3g=
0,-1,nf0D48AQVB8XqSqcpOrGZo8ip9k=,10A1zhBHIajx1jzEcYvKs/rpU3g=
5,-2,nf0D48AQVB8XqSqcpOrGZo8ip9k=,10A1zhBHIajx1jzEcYvKs/rpU3g=
1,-1,nf0D48AQVB8XqSqcpOrGZo8ip9k=,10A1zhBHIajx1jzEcYvKs/rpU3g=
3,-1,nf0D48AQVB8XqSqcpOrGZo8ip9k=,10A1zhBHIajx1jzEcYvKs/rpU3g=
2,-1,nf0D48AQVB8XqSqcpOrGZo8ip9k=,10A1zhBHIajx1jzEcYvKs/rpU3g=
0,-7,nf0D48AQVB8XqSqcpOrGZo8ip9k=,10A1zhBHIajx1jzEcYvKs/rpU3g=
4,-1,nf0D48AQVB8XqSqcpOrGZo8ip9k=,10A1zhBHIajx1jzEcYvKs/rpU3g=
1,-7,3WOOOTDMq6Dgieot5tUDaYT6mLQ=,10A1zhBHIajx1jzEcYvKs/rpU3g=
5,-1,3WOOOTDMq6Dgieot5tUDaYT6mLQ=,10A1zhBHIajx1jzEcYvKs/rpU3g=
7,-1,3WOOOTDMq6Dgieot5tUDaYT6mLQ=,10A1zhBHIajx1jzEcYvKs/rpU3g=
2,-7,3WOOOTDMq6Dgieot5tUDaYT6mLQ=,10A1zhBHIajx1jzEcYvKs/rpU3g=
6,-1,3WOOOTDMq6Dgieot5tUDaYT6mLQ=,10A1zhBHIajx1jzEcYvKs/rpU3g=
5,-7,3WOOOTDMq6Dgieot5tUDaYT6mLQ=,10A1zhBHIajx1jzEcYvKs/rpU3g=
4,-7,3WOOOTDMq6Dgieot5tUDaYT6mLQ=,10A1zhBHIajx1jzEcYvKs/rpU3g=
7,-7,3WOOOTDMq6Dgieot5tUDaYT6mLQ=,10A1zhBHIajx1jzEcYvKs/rpU3g=
8,-1,3WOOOTDMq6Dgieot5tUDaYT6mLQ=,1+iASmeX7uLVFl0T1CrcmOnFqrY=
0,-6,3WOOOTDMq6Dgieot5tUDaYT6mLQ=,10A1zhBHIajx1jzEcYvKs/rpU3g=
2,-6,3WOOOTDMq6Dgieot5tUDaYT6mLQ=,10A1zhBHIajx1jzEcYvKs/rpU3g=
1,-6,3WOOOTDMq6Dgieot5tUDaYT6mLQ=,10A1zhBHIajx1jzEcYvKs/rpU3g=
5,-6,3WOOOTDMq6Dgieot5tUDaYT6mLQ=,10A1zhBHIajx1jzEcYvKs/rpU3g=
5,-5,99JjXZeaIuWnaqL15ATQRlBp0kY=,10A1zhBHIajx1jzEcYvKs/rpU3g=
0,-9,99JjXZeaIuWnaqL15ATQRlBp0kY=,IufiWjNv0IJBldsysHHSKxbm/bo=
2,-3,nf0D48AQVB8XqSqcpOrGZo8ip9k=,10A1zhBHIajx1jzEcYvKs/rpU3g=
5,-3,nf0D48AQVB8XqSqcpOrGZo8ip9k=,10A1zhBHIajx1jzEcYvKs/rpU3g=
6,-7,3WOOOTDMq6Dgieot5tUDaYT6mLQ=,10A1zhBHIajx1jzEcYvKs/rpU3g=
3,-7,3WOOOTDMq6Dgieot5tUDaYT6mLQ=,10A1zhBHIajx1jzEcYvKs/rpU3g=
4,-6,3WOOOTDMq6Dgieot5tUDaYT6mLQ=,10A1zhBHIajx1jzEcYvKs/rpU3g=
3,-6,3WOOOTDMq6Dgieot5tUDaYT6mLQ=,10A1zhBHIajx1jzEcYvKs/rpU3g=
6,-6,3WOOOTDMq6Dgieot5tUDaYT6mLQ=,10A1zhBHIajx1jzEcYvKs/rpU3g=
0,-5,3WOOOTDMq6Dgieot5tUDaYT6mLQ=,10A1zhBHIajx1jzEcYvKs/rpU3g=
7,-6,3WOOOTDMq6Dgieot5tUDaYT6mLQ=,10A1zhBHIajx1jzEcYvKs/rpU3g=
